title,price
In Her Wake,£12.84
How Music Works,£37.32
Foolproof Preserving: A Guide ...,£30.52
Chase Me (Paris Nights ...,£25.27
Black Dust,£34.53
Birdsong: A Story in ...,£54.64
America's Cradle of Quarterbacks: ...,£22.50
Aladdin and His Wonderful ...,£53.13
Worlds Elsewhere: Journeys Around ...,£40.30
Wall and Piece,£44.18
The Four Agreements: A ...,£17.66
The Five Love Languages: ...,£31.05
The Elephant Tree,£23.82
The Bear and the ...,£36.89
Sophie's World,£15.94
Penny Maybe,£33.29
Maude (1883-1993):She Grew Up ...,£18.02
"In a Dark, Dark ...",£19.63
Behind Closed Doors,£52.22
You can't bury them ...,£33.63
Slow States of Collapse: ...,£57.31
Reasons to Stay Alive,£26.41
Private Paris (Private #10),£47.61
#HigherSelfie: Wake Up Your ...,£23.11
Without Borders (Wanderlove #1),£45.07
When We Collided,£31.77
"We Love You, Charlie ...",£50.27
Untitled Collection: Sabbath Poems ...,£14.27
Unseen City: The Majesty ...,£44.18
Unicorn Tracks,£18.78
Unbound: How Eight Technologies ...,£25.52
Tsubasa: WoRLD CHRoNiCLE 2 ...,£16.28
Throwing Rocks at the ...,£31.12
This One Summer,£19.49
Thirst,£17.27
The Torch Is Passed: ...,£19.09
The Secret of Dreadwillow ...,£56.13
The Pioneer Woman Cooks: ...,£56.41
The Past Never Ends,£56.50
The Natural History of ...,£45.22
The Nameless City (The ...,£38.16
The Murder That Never ...,£54.11
The Most Perfect Thing: ...,£42.96
The Mindfulness and Acceptance ...,£23.89
The Life-Changing Magic of ...,£16.77
The Inefficiency Assassin: Time ...,£20.59
The Gutsy Girl: Escapades ...,£37.13
The Electric Pencil: Drawings ...,£56.06
The Death of Humanity: ...,£58.11
The Bulletproof Diet: Lose ...,£49.05
The Art Forger,£40.76
The Age of Genius: ...,£19.73
The Activist's Tao Te ...,£32.24
Spark Joy: An Illustrated ...,£41.83
Soul Reader,£39.58
Security,£39.25
"Saga, Volume 6 (Saga ...",£25.02
"Saga, Volume 5 (Saga ...",£51.04
Reskilling America: Learning to ...,£19.83
"Rat Queens, Vol. 3: ...",£50.40
"Princess Jellyfish 2-in-1 Omnibus, ...",£13.61
Princess Between Worlds (Wide-Awake ...,£13.34
"Pop Gun War, Volume ...",£18.97
"Political Suicide: Missteps, Peccadilloes, ...",£36.28
Patience,£10.16
"Outcast, Vol. 1: A ...",£15.44
orange: The Complete Collection ...,£48.41
Online Marketing for Busy ...,£46.35
On a Midnight Clear,£14.07
Obsidian (Lux #1),£14.86
My Paris Kitchen: Recipes ...,£33.37
Masks and Shadows,£56.40
Mama Tried: Traditional Italian ...,£14.02
"Lumberjanes, Vol. 2: Friendship ...",£46.91
"Lumberjanes, Vol. 1: Beware ...",£45.61
Lumberjanes Vol. 3: A ...,£19.92
"Layered: Baking, Building, and ...",£40.11
Judo: Seven Steps to ...,£53.90
Join,£35.67
In the Country We ...,£22.00
Immunity: How Elie Metchnikoff ...,£57.36
"I Hate Fairyland, Vol. ...",£29.17
I am a Hero ...,£54.63
How to Be Miserable: ...,£46.03
Her Backup Boyfriend (The ...,£33.97
"Giant Days, Vol. 2 ...",£22.11
Forever and Forever: The ...,£29.69
First and First (Five ...,£15.97
Fifty Shades Darker (Fifty ...,£21.96
Everydata: The Misinformation Hidden ...,£54.35
Don't Be a Jerk: ...,£37.97
Danganronpa Volume 1,£51.99
Crown of Midnight (Throne ...,£43.29
"Codename Baboushka, Volume 1: ...",£36.72
Camp Midnight,£17.08
Call the Nurse: True ...,£29.14
Burning,£28.81
Bossypants,£49.46
"Bitch Planet, Vol. 1: ...",£37.92
Avatar: The Last Airbender: ...,£28.09
Algorithms to Live By: ...,£30.81
A World of Flavor: ...,£42.95
"A Piece of Sky, ...",£56.76
A Murder in Time,£16.64
A Flight of Arrows ...,£55.53
A Fierce and Subtle ...,£28.13
A Court of Thorns ...,£52.37
(Un)Qualified: How God Uses ...,£54.00
You Are What You ...,£21.87
William Shakespeare's Star Wars: ...,£43.30
Tuesday Nights in 1980,£21.04
Tracing Numbers on a ...,£41.60
Throne of Glass (Throne ...,£35.07
Thomas Jefferson and the ...,£59.64
Thirteen Reasons Why,£52.72
The White Cat and ...,£58.08
The Wedding Dress,£24.12
The Vacationers,£42.15
The Third Wave: An ...,£12.61
The Stranger,£17.44
The Shadow Hero (The ...,£33.14
The Secret (The Secret ...,£27.37
The Regional Office Is ...,£51.36
The Psychopath Test: A ...,£36.00
The Project,£10.65
The Power of Now: ...,£43.54
The Omnivore's Dilemma: A ...,£38.21
The Nerdy Nummies Cookbook: ...,£37.34
The Murder of Roger ...,£44.10
The Mistake (Off-Campus #2),£43.29
The Matchmaker's Playbook (Wingmen ...,£55.85
The Love and Lemons ...,£37.60
The Long Shadow of ...,£10.97
The Kite Runner,£41.82
The House by the ...,£36.95
The Glittering Court (The ...,£44.28
The Girl on the ...,£55.02
The Genius of Birds,£17.24
The Emerald Mystery,£23.15
The Cookies & Cups ...,£41.25
The Bridge to Consciousness: ...,£32.00
The Artist's Way: A ...,£38.49
The Art of War,£33.34
The Argonauts,£10.93
The 10% Entrepreneur: Live ...,£27.55
Suddenly in Love (Lake ...,£55.99
Something More Than This,£16.24
Soft Apocalypse,£26.12
So You've Been Publicly ...,£12.23
Shoe Dog: A Memoir ...,£23.99
"Shobu Samurai, Project Aryoku ...",£29.06
Secrets and Lace (Fatal ...,£20.27
Scarlett Epstein Hates It ...,£43.55
Romero and Juliet: A ...,£36.94
Redeeming Love,£20.47
Poses for Artists Volume ...,£41.06
Poems That Make Grown ...,£14.19
"Nightingale, Sing",£38.28
Night Sky with Exit ...,£41.05
Mrs. Houdini,£30.25
Modern Romance,£28.26
Miss Peregrine’s Home for ...,£10.76
Louisa: The Extraordinary Life ...,£16.85
Little Red,£13.47
Library of Souls (Miss ...,£48.56
Large Print Heart of ...,£19.15
I Had a Nice ...,£57.36
Hollow City (Miss Peregrine’s ...,£42.98
Grumbles,£22.16
Full Moon over Noah’s ...,£49.43
Frostbite (Vampire Academy #2),£29.99
Follow You Home,£21.36
First Steps for New ...,£29.00
Finders Keepers (Bill Hodges ...,£53.53
"Fables, Vol. 1: Legends ...",£41.62
Eureka Trivia 6.0,£54.59
Drive: The Surprising Truth ...,£34.95
Done Rubbed Out (Reightman ...,£37.72
Doing It Over (Most ...,£35.61
Deliciously Ella Every Day: ...,£42.16
Dark Notes,£19.19
Daring Greatly: How the ...,£19.43
Close to You,£49.46
Chasing Heaven: What Dying ...,£37.80
Big Magic: Creative Living ...,£30.80
Becoming Wise: An Inquiry ...,£27.43
Beauty Restored (Riley Family ...,£11.11
Batman: The Long Halloween ...,£36.50
Batman: The Dark Knight ...,£15.38
Ayumi's Violin,£15.48
Anonymous,£46.82
Amy Meets the Saints ...,£18.46
Amid the Chaos,£36.58
Amatus,£50.54
Agnostic: A Spirited Manifesto,£12.51
Zealot: The Life and ...,£24.70
You (You #1),£43.61
"Wonder Woman: Earth One, ...",£37.34
Wild Swans,£14.36
Why the Right Went ...,£52.65
Whole Lotta Creativity Going ...,£38.20
What's It Like in ...,£19.60
"We Are Robin, Vol. ...",£53.90
Walt Disney's Alice in ...,£12.96
V for Vendetta (V ...,£37.10
Until Friday Night (The ...,£46.31
Unbroken: A World War ...,£45.95
Twenty Yawns,£22.08
Through the Woods,£25.38
This Is Where It ...,£27.12
The Year of Magical ...,£43.04
The Wright Brothers,£56.80
The White Queen (The ...,£25.91
The Wedding Pact (The ...,£32.61
The Time Keeper,£27.88
The Testament of Mary,£52.67
The Star-Touched Queen,£46.02
The Songs of the ...,£44.48
The Song of Achilles,£37.40
The Rosie Project (Don ...,£54.04
The Power of Habit: ...,£16.88
The Marriage of Opposites,£28.08
The Lucifer Effect: Understanding ...,£10.40
The Long Haul (Diary ...,£44.07
The Loney,£23.40
The Literature Book (Big ...,£17.43
The Last Mile (Amos ...,£54.21
The Immortal Life of ...,£40.67
The Hidden Oracle (The ...,£52.26
The Help Yourself Cookbook ...,£28.77
The Guilty (Will Robie ...,£13.82
The First Hostage (J.B. ...,£25.85
The Dovekeepers,£48.78
The Darkest Lie,£35.35
The Bane Chronicles (The ...,£44.73
The Bad-Ass Librarians of ...,£15.77
The 14th Colony (Cotton ...,£39.24
That Darkness (Gardiner and ...,£13.92
Tastes Like Fear (DI ...,£10.69
Take Me with You,£45.21
Swell: A Year of ...,£45.58
Superman Vol. 1: Before ...,£11.89
Still Life with Bread ...,£26.41
Steve Jobs,£39.50
Sorting the Beef from ...,£44.74
Someone Like You (The ...,£52.79
"So Cute It Hurts!!, ...",£35.43
Shtum,£55.84
See America: A Celebration ...,£48.87
salt.,£46.78
Robin War,£47.82
"Red Hood/Arsenal, Vol. 1: ...",£25.48
Rain Fish,£23.57
Quarter Life Poetry: Poems ...,£50.89
Pet Sematary,£10.56
"Overload: How to Unplug, ...",£52.15
Once Was a Time,£18.28
Old School (Diary of ...,£11.83
No Dream Is Too ...,£21.95
"Naruto (3-in-1 Edition), Vol. ...",£38.39
My Name Is Lucy ...,£41.56
My Mrs. Brown,£24.48
My Kind of Crazy,£40.36
Mr. Mercedes (Bill Hodges ...,£28.90
More Than Music (Chasing ...,£37.61
Made to Stick: Why ...,£38.85
Luis Paints the World,£53.95
Luckiest Girl Alive,£49.83
Lowriders to the Center ...,£51.51
Love Is a Mix ...,£18.03
Looking for Lovely: Collecting ...,£29.14
Living Leadership by Insight: ...,£46.91
Let It Out: A ...,£26.79
Lady Midnight (The Dark ...,£16.28
"It's All Easy: Healthy, ...",£19.55
Island of Dragons (Unwanteds ...,£29.65
I Know What I'm ...,£25.98
I Am Pilgrim (Pilgrim ...,£10.60
Hyperbole and a Half: ...,£14.75
"Hush, Hush (Hush, Hush ...",£47.02
Hold Your Breath (Search ...,£28.82
Hamilton: The Revolution,£58.79
Greek Mythic History,£10.23
God: The Most Unpleasant ...,£30.03
Glory over Everything: Beyond ...,£45.84
Feathers: Displays of Brilliant ...,£49.05
Far & Away: Places ...,£15.06
Every Last Word,£46.47
Eligible (The Austen Project ...,£27.09
El Deafo,£57.62
Eight Hundred Grapes,£14.39
Eaternity: More than 150 ...,£51.75
"Eat Fat, Get Thin",£54.07
Don't Get Caught,£55.35
Doctor Sleep (The Shining ...,£40.12
Demigods & Magicians: Percy ...,£37.51
Dear Mr. Knightley,£11.21
Daily Fantasy Sports,£36.58
Crazy Love: Overwhelmed by ...,£47.72
Cometh the Hour (The ...,£25.01
Code Name Verity (Code ...,£22.13
Clockwork Angel (The Infernal ...,£44.14
City of Glass (The ...,£56.02
City of Fallen Angels ...,£11.23
City of Bones (The ...,£43.28
City of Ashes (The ...,£47.27
Cell,£20.29
Catching Jordan (Hundred Oaks),£50.83
"Carry On, Warrior: Thoughts ...",£31.85
Carrie,£46.23
Buying In: The Secret ...,£37.80
Brain on Fire: My ...,£49.32
Batman: Europa,£32.01
Barefoot Contessa Back to ...,£28.01
Barefoot Contessa at Home: ...,£50.62
Balloon Animals,£17.03
Art Ops Vol. 1,£48.80
Aristotle and Dante Discover ...,£58.14
Angels Walking (Angels Walking ...,£34.20
Angels & Demons (Robert ...,£51.48
All the Light We ...,£29.87
Adulthood Is a Myth: ...,£10.90
Abstract City,£56.37
A Time of Torment ...,£48.35
A Study in Scarlet ...,£16.73
A Series of Catastrophes ...,£56.48
A People's History of ...,£40.79
A Man Called Ove,£39.72
A Distant Mirror: The ...,£14.58
A Brush of Wings ...,£55.51
1491: New Revelations of ...,£21.80
"The Three Searches, Meaning, ...",£13.33
Searching for Meaning in ...,£38.73
Rook,£37.86
My Kitchen Year: 136 ...,£11.53
13 Hours: The Inside ...,£27.06
Will You Won't You ...,£13.86
Tipping Point for Planet ...,£37.55
The Star-Touched Queen,£32.30
The Silent Sister (Riley ...,£46.29
The Midnight Watch: A ...,£26.20
The Lonely City: Adventures ...,£33.26
The Gray Rhino: How ...,£59.15
The Golden Condom: And ...,£39.43
The Epidemic (The Program ...,£14.44
The Dinner Party,£56.54
The Diary of a ...,£59.90
The Children,£11.88
Stars Above (The Lunar ...,£48.05
Snatched: How A Drug ...,£21.21
Raspberry Pi Electronics Projects ...,£49.67
Quench Your Own Thirst: ...,£43.14
Psycho: Sanitarium (Psycho #1.5),£36.97
Poisonous (Max Revere Novels ...,£26.80
One with You (Crossfire ...,£15.71
No Love Allowed (Dodge ...,£54.65
Murder at the 42nd ...,£54.36
Most Wanted,£35.28
"Love, Lies and Spies",£20.55
How to Speak Golf: ...,£58.32
Hide Away (Eve Duncan ...,£11.84
Furiously Happy: A Funny ...,£41.46
Everyday Italian: 125 Simple ...,£20.10
Equal Is Unfair: America's ...,£56.86
Eleanor & Park,£56.51
Dirty (Dive Bar #1),£40.83
Can You Keep a ...,£48.64
Boar Island (Anna Pigeon ...,£59.48
A Paris Apartment,£39.01
A la Mode: 120 ...,£38.77
Troublemaker: Surviving Hollywood and ...,£48.39
The Widow,£27.26
The Sleep Revolution: Transforming ...,£11.68
The Improbability of Love,£59.45
The Art of Startup ...,£21.00
Take Me Home Tonight ...,£53.98
Sleeping Giants (Themis Files ...,£48.74
Setting the World on ...,£21.15
Playing with Fire,£13.71
Off the Hook (Fishing ...,£47.67
Mothering Sunday,£13.34
"Mother, Can You Not?",£16.89
M Train,£27.18
Lilac Girls,£17.28
Lies and Other Acts ...,£45.14
Lab Girl,£40.85
Keep Me Posted,£20.46
It Didn't Start with ...,£56.27
Grey (Fifty Shades #4),£48.49
"Exit, Pursued by a ...",£51.34
Daredevils,£16.34
Cravings: Recipes for What ...,£20.50
Born for This: How ...,£21.59
Arena,£21.36
Adultery,£20.88
A Mother's Reckoning: Living ...,£19.53
A Gentleman's Position (Society ...,£14.75
11/22/63,£48.48
10% Happier: How I ...,£24.57
10-Day Green Smoothie Cleanse: ...,£49.71
Without Shame,£48.27
Watchmen,£58.05
Unlimited Intuition Now,£58.87
Underlying Notes,£11.82
The Shack,£28.03
The New Brand You: ...,£44.05
The Moosewood Cookbook: Recipes ...,£12.34
The Flowers Lied,£16.68
The Fabric of the ...,£55.91
The Book of Mormon,£24.57
The Art and Science ...,£52.98
The Alien Club,£54.40
Suzie Snowflake: One beautiful ...,£54.81
Nap-a-Roo,£25.08
NaNo What Now? Finding ...,£10.41
Modern Day Fables,£47.44
If I Gave You ...,£20.91
"Fruits Basket, Vol. 9 ...",£33.95
Dress Your Family in ...,£43.68
Don't Forget Steven,£33.23
Chernobyl 01:23:40: The Incredible ...,£35.92
Art and Fear: Observations ...,£48.63
A Shard of Ice ...,£56.63
A Hero's Curse (The ...,£50.49
23 Degrees South: A ...,£35.79
Zero to One: Notes ...,£34.06
Why Not Me?,£17.76
When Breath Becomes Air,£39.36
Vagabonding: An Uncommon Guide ...,£36.94
The Unlikely Pilgrimage of ...,£43.62
The New Drawing on ...,£43.02
"The Midnight Assassin: Panic, ...",£28.45
The Martian (The Martian ...,£41.39
The High Mountains of ...,£51.15
The Grownup,£35.88
The E-Myth Revisited: Why ...,£36.91
South of Sunshine,£28.93
Smarter Faster Better: The ...,£38.89
Silence in the Dark ...,£58.33
Shadows of the Past ...,£39.67
Roller Girl,£14.10
Rising Strong,£21.82
Proofs of God: Classical ...,£54.21
Please Kill Me: The ...,£31.19
Out of Print: City ...,£53.64
My Life Next Door ...,£36.39
Miller's Valley,£58.54
Man's Search for Meaning,£29.48
Love That Boy: What ...,£25.06
Living Forward: A Proven ...,£12.55
Les Fleurs du Mal,£29.04
Left Behind (Left Behind ...,£40.72
Kill 'Em and Leave: ...,£45.05
Kierkegaard: A Christian Missionary ...,£47.13
John Vassos: Industrial Design ...,£20.22
I'll Give You the ...,£56.48
I Will Find You,£44.21
Hystopia: A Novel,£21.96
Howl and Other Poems,£40.45
History of Beauty,£10.29
Heaven is for Real: ...,£52.86
Future Shock (Future Shock ...,£55.65
Ender's Game (The Ender ...,£43.64
Diary of a Citizen ...,£28.41
Death by Leisure: A ...,£37.51
Brilliant Beacons: A History ...,£11.45
Brazen: The Courage to ...,£19.22
Between the World and ...,£56.91
Being Mortal: Medicine and ...,£55.06
A Murder Over a ...,£13.20
32 Yolks,£53.63
"""Most Blessed of the ...",£44.48
You Are a Badass: ...,£12.08
Wildlife of New York: ...,£22.14
What Happened on Beale ...,£25.37
Unreasonable Hope: Finding Faith ...,£46.33
Under the Tuscan Sun,£37.33
Toddlers Are A**holes: It's ...,£25.55
The Year of Living ...,£34.72
The Whale,£35.96
The Story of Art,£41.14
The Origin of Species,£10.01
The Great Gatsby,£36.05
The Good Girl,£49.03
The Glass Castle,£16.24
The Faith of Christopher ...,£39.55
The Drowning Girls,£35.67
The Constant Princess (The ...,£16.62
The Bourne Identity (Jason ...,£42.78
The Bachelor Girl's Guide ...,£52.30
The Art Book,£32.34
The 7 Habits of ...,£33.17
Team of Rivals: The ...,£20.12
Steal Like an Artist: ...,£20.90
"Sit, Stay, Love",£20.90
Sister Dear,£40.20
"Shrunken Treasures: Literary Classics, ...",£52.87
"Rich Dad, Poor Dad",£51.74
Raymie Nightingale,£34.41
Playing from the Heart,£32.38
Nightstruck: A Novel,£50.35
Naturally Lean: 125 Nourishing ...,£11.38
Meternity,£43.58
Memoirs of a Geisha,£49.67
Like Never Before (Walker ...,£28.77
Life of Pi,£13.22
Leave This Song Behind: ...,£51.17
King's Folly (The Kinsman ...,£39.61
John Adams,£57.43
How to Cook Everything ...,£46.01
How to Be a ...,£28.25
Good in Bed (Cannie ...,£37.05
"Fruits Basket, Vol. 7 ...",£19.57
For the Love: Fighting ...,£45.13
Finding God in the ...,£46.64
Every Heart a Doorway ...,£12.16
Delivering the Truth (Quaker ...,£20.89
Counted With the Stars ...,£17.97
"Chronicles, Vol. 1",£52.60
Blue Like Jazz: Nonreligious ...,£25.77
Benjamin Franklin: An American ...,£48.19
At The Existentialist Café: ...,£29.93
A Summer In Europe,£44.34
A Short History of ...,£52.40
A Gathering of Shadows ...,£44.81
The Sound Of Love,£57.84
The Rise and Fall ...,£39.67
The Perks of Being ...,£55.02
The Mysterious Affair at ...,£24.80
The Man Who Mistook ...,£59.45
The Makings of a ...,£31.58
The Joy of Cooking,£43.27
The Invention of Wings,£37.34
The Hobbit (Middle-Earth Universe),£17.80
The Great Railway Bazaar,£30.54
The Golden Compass (His ...,£18.77
The God Delusion,£46.85
The Girl You Left ...,£15.79
The Fellowship of the ...,£10.27
The Collected Poems of ...,£15.42
The Barefoot Contessa Cookbook,£59.92
Tell the Wolves I'm ...,£50.96
Ship Leaves Harbor: Essays ...,£30.60
Pride and Prejudice,£19.27
Musicophilia: Tales of Music ...,£46.58
Mere Christianity,£48.51
Me Before You (Me ...,£19.02
In the Woods (Dublin ...,£38.38
In Cold Blood,£49.98
How to Stop Worrying ...,£46.49
Give It Back,£18.32
"Girl, Interrupted",£42.14
Fun Home: A Family ...,£56.59
"Fruits Basket, Vol. 6 ...",£20.96
Deception Point,£40.32
"Death Note, Vol. 6: ...",£36.39
Catherine the Great: Portrait ...,£58.55
Better Homes and Gardens ...,£39.61
An Unquiet Mind: A ...,£21.30
A Year in Provence ...,£56.88
World Without End (The ...,£32.97
"Will Grayson, Will Grayson ...",£47.31
Why Save the Bankers?: ...,£48.67
Where She Went (If ...,£41.73
What If?: Serious Scientific ...,£53.68
Two Summers,£14.64
This Is Your Brain ...,£38.40
The Secret Garden,£15.08
The Raven King (The ...,£30.57
The Raven Boys (The ...,£57.74
The Power Greens Cookbook: ...,£11.05
The Metamorphosis,£28.58
The Mathews Men: Seven ...,£42.91
The Little Paris Bookshop,£24.73
The Hiding Place,£55.91
The Grand Design,£13.76
The Firm,£45.56
The Fault in Our ...,£47.22
The False Prince (The ...,£56.00
The Expatriates,£44.58
The Dream Thieves (The ...,£34.50
The Darkest Corners,£11.33
The Crossover,£38.77
The 5th Wave (The ...,£11.83
Tell the Wind and ...,£45.51
Tell Me Three Things,£41.81
Talking to Girls About ...,£25.15
Siddhartha,£34.22
Shiver (The Wolves of ...,£16.23
Remember Me?,£11.48
Red Dragon (Hannibal Lecter ...,£23.37
Peak: Secrets from the ...,£16.28
My Mother Was Nuts,£31.63
Mexican Today: New and ...,£24.91
Maybe Something Beautiful: How ...,£22.54
Lola and the Boy ...,£23.63
Logan Kade (Fallen Crest ...,£13.12
Last One Home (New ...,£59.98
Killing Floor (Jack Reacher ...,£31.49
Kill the Boy Band,£15.52
Isla and the Happily ...,£48.13
If I Stay (If ...,£38.13
I Know Why the ...,£36.55
Harry Potter and the ...,£23.32
"Fruits Basket, Vol. 5 ...",£16.33
Foundation (Foundation (Publication Order) ...,£32.42
Fool Me Once,£16.96
Find Her (Detective D.D. ...,£22.37
Evicted: Poverty and Profit ...,£42.27
Drama,£38.70
Dracula the Un-Dead,£35.63
Digital Fortress,£58.00
"Death Note, Vol. 5: ...",£52.41
"Data, A Love Story: ...",£32.35
Critique of Pure Reason,£20.75
Booked,£17.49
"Blue Lily, Lily Blue ...",£34.13
Approval Junkie: Adventures in ...,£58.81
An Abundance of Katherines,£10.00
America's War for the ...,£51.22
Alight (The Generations Trilogy ...,£58.59
A Girl's Guide to ...,£31.30
A Game of Thrones ...,£46.42
A Feast for Crows ...,£17.21
A Clash of Kings ...,£10.79
Vogue Colors A to ...,£52.35
The Shining (The Shining ...,£27.88
The Pilgrim's Progress,£50.26
The Perfect Play (Play ...,£59.99
The Passion of Dolssa,£28.32
The Jazz of Physics: ...,£38.71
The Hunger Games (The ...,£29.85
The Hound of the ...,£14.82
The Gunning of America: ...,£16.81
The Geography of Bliss: ...,£28.23
The Demonists (Demonist #1),£52.11
The Demon Prince of ...,£27.88
The Bone Hunters (Lexy ...,£59.71
The Beast (Black Dagger ...,£46.08
Some Women,£13.73
Shopaholic Ties the Knot ...,£48.39
Paper and Fire (The ...,£49.45
Outlander (Outlander #1),£19.67
Orchestra of Exiles: The ...,£12.36
No One Here Gets ...,£20.02
Night Shift (Night Shift ...,£12.75
Needful Things,£47.51
Mockingjay (The Hunger Games ...,£20.44
Misery,£34.79
Little Women (Little Women ...,£28.07
It,£25.01
Harry Potter and the ...,£13.90
Harry Potter and the ...,£24.17
Harry Potter and the ...,£31.63
Harry Potter and the ...,£48.75
Harry Potter and the ...,£14.74
Gone with the Wind,£32.49
God Is Not Great: ...,£27.80
Girl With a Pearl ...,£26.77
"Fruits Basket, Vol. 4 ...",£50.44
Far From True (Promise ...,£34.93
Dark Lover (Black Dagger ...,£12.87
Confessions of a Shopaholic ...,£48.94
Changing the Game (Play ...,£13.38
Candide,£58.63
Can You Keep a ...,£21.94
Atlas Shrugged,£26.58
Animal Farm,£57.22
A Walk to Remember,£56.43
A New Earth: Awakening ...,£55.65
A History of God: ...,£27.62
'Salem's Lot,£49.56
Zero History (Blue Ant ...,£34.77
Wuthering Heights,£17.73
World War Z: An ...,£21.80
Wild: From Lost to ...,£46.02
"Where'd You Go, Bernadette",£18.13
When You Are Engulfed ...,£30.89
We the People: The ...,£31.95
We Are All Completely ...,£24.04
Walk the Edge (Thunder ...,£32.36
Voyager (Outlander #3),£21.07
Very Good Lives: The ...,£50.66
Vegan Vegetarian Omnivore: Dinner ...,£13.66
"Unstuffed: Decluttering Your Home, ...",£58.09
Under the Banner of ...,£30.00
Two Boys Kissing,£32.74
Twilight (Twilight #1),£41.93
Twenties Girl,£42.80
Trespassing Across America: One ...,£53.51
Three-Martini Lunch,£23.21
"Thinking, Fast and Slow",£21.14
The Wild Robot,£56.07
The Wicked + The ...,£14.41
The Undomestic Goddess,£45.75
The Travelers,£15.77
The Tipping Point: How ...,£10.02
The Thing About Jellyfish,£48.77
The Stand,£57.86
The Smitten Kitchen Cookbook,£23.59
The Silkworm (Cormoran Strike ...,£23.05
"The Sandman, Vol. 3: ...",£55.55
The Rose & the ...,£58.64
The Road to Little ...,£23.21
The Rise of Theodore ...,£42.57
The Restaurant at the ...,£10.92
The Rest Is Noise: ...,£34.77
The Red Tent,£35.66
The Purpose Driven Life: ...,£37.19
The Purest Hook (Second ...,£12.25
The Picture of Dorian ...,£29.70
The Paris Wife,£36.80
The Obsession,£45.43
The Nightingale,£26.26
The New Guy (and ...,£44.92
The Nanny Diaries (Nanny ...,£52.53
The Name of God ...,£37.25
The Maze Runner (The ...,£20.93
The Lover's Dictionary,£58.09
The Lonely Ones,£43.59
The Lean Startup: How ...,£33.92
The Last Painting of ...,£55.55
"The Land of 10,000 ...",£29.64
The Infinities,£27.41
The Husband's Secret,£52.51
The Hitchhiker's Guide to ...,£47.80
The Guns of August,£14.54
The Guernsey Literary and ...,£49.53
The Goldfinch,£43.58
The Giver (The Giver ...,£12.30
The Girl with All ...,£49.47
The Girl Who Played ...,£22.14
The Girl Who Kicked ...,£57.48
The Exiled,£43.45
The End of Faith: ...,£22.13
"The Elegant Universe: Superstrings, ...",£13.03
The Disappearing Spoon: And ...,£57.35
The Devil Wears Prada ...,£44.29
The Demon-Haunted World: Science ...,£52.25
The Day the Crayons ...,£26.33
The Da Vinci Code ...,£22.96
The Cuckoo's Calling (Cormoran ...,£19.21
The Complete Stories and ...,£26.78
The Complete Poems,£41.32
The Catcher in the ...,£24.55
The Cat in the ...,£16.26
The Case for Christ ...,£47.84
The Book Thief,£53.49
The Book of Basketball: ...,£44.84
The Blind Side: Evolution ...,£53.71
The Autobiography of Malcolm ...,£23.43
The Art of Simple ...,£34.32
The Art of Fielding,£22.10
"Surely You're Joking, Mr. ...",£25.83
Stiff: The Curious Lives ...,£36.74
Spilled Milk: Based on ...,£49.51
Something Borrowed (Darcy & ...,£48.96
Something Blue (Darcy & ...,£54.62
Soldier (Talon #3),£24.72
Shopaholic & Baby (Shopaholic ...,£46.45
Seven Days in the ...,£52.33
Seven Brief Lessons on ...,£30.60
Scarlet (The Lunar Chronicles ...,£14.57
Sarah's Key,£46.29
"Saga, Volume 3 (Saga ...",£21.57
Running with Scissors,£12.91
Rogue Lawyer (Rogue Lawyer ...,£50.11
Rise of the Rocket ...,£41.67
Rework,£44.88
Reservations for Two,£11.10
Red: The True Story ...,£28.54
Ready Player One,£19.07
Quiet: The Power of ...,£43.55
Prodigy: The Graphic Novel ...,£43.63
Persepolis: The Story of ...,£39.13
Packing for Mars: The ...,£56.68
Outliers: The Story of ...,£14.16
Original Fake,£31.45
Orange Is the New ...,£24.61
One for the Money ...,£32.87
Notes from a Small ...,£40.17
Night (The Night Trilogy ...,£13.51
Neither Here nor There: ...,£38.95
Naked,£31.69
Morning Star (Red Rising ...,£29.40
Miracles from Heaven: A ...,£57.83
Midnight Riot (Peter Grant/ ...,£55.46
Me Talk Pretty One ...,£57.60
Manuscript Found in Accra,£34.98
Lust & Wonder,£11.87
Lila (Gilead #3),£12.47
"Life, the Universe and ...",£33.26
Life Without a Recipe,£59.04
Life After Life,£26.13
Letter to a Christian ...,£22.20
Let's Pretend This Never ...,£45.11
Legend (Legend #1),£43.69
"Lean In: Women, Work, ...",£25.02
Lamb: The Gospel According ...,£55.50
Lady Renegades (Rebel Belle ...,£53.04
Jurassic Park (Jurassic Park ...,£44.97
It's Never Too Late ...,£42.38
Is Everyone Hanging Out ...,£20.11
Into the Wild,£56.70
Inferno (Robert Langdon #4),£41.00
In the Garden of ...,£28.85
If I Run (If ...,£49.97
I've Got Your Number,£19.69
I Am Malala: The ...,£28.88
Hungry Girl Clean & ...,£33.14
House of Lost Worlds: ...,£43.70
House of Leaves,£54.89
Horrible Bear!,£37.52
Holidays on Ice,£51.07
Heir to the Sky,£44.07
Green Eggs and Ham ...,£10.79
"Grayson, Vol 3: Nemesis ...",£42.72
Gratitude,£26.66
Gone Girl,£37.60
Golden (Heart of Dread ...,£42.21
Girl in the Blue ...,£46.83
"Fruits Basket, Vol. 3 ...",£45.17
Friday Night Lights: A ...,£51.22
Fire Bound (Sea Haven/Sisters ...,£21.28
Fifty Shades Freed (Fifty ...,£15.36
Fellside,£38.62
Extreme Prey (Lucas Davenport ...,£25.40
Eragon (The Inheritance Cycle ...,£43.87
Eclipse (Twilight #3),£18.74
Dune (Dune #1),£54.86
Dracula,£52.62
Do Androids Dream of ...,£51.48
Disrupted: My Misadventure in ...,£15.28
Dead Wake: The Last ...,£39.24
"David and Goliath: Underdogs, ...",£17.81
Darkfever (Fever #1),£56.02
Dark Places,£23.90
Crazy Rich Asians (Crazy ...,£49.13
Counting Thyme,£10.62
Cosmos,£36.17
Civilization and Its Discontents,£59.95
Cinder (The Lunar Chronicles ...,£26.09
Catastrophic Happiness: Finding Joy ...,£37.35
Career of Evil (Cormoran ...,£24.72
Breaking Dawn (Twilight #4),£35.28
Brave Enough,£51.32
Boy Meets Boy,£21.12
Born to Run: A ...,£27.35
Blink: The Power of ...,£21.74
Black Flags: The Rise ...,£40.87
"Black Butler, Vol. 1 ...",£49.31
Big Little Lies,£22.11
Between Shades of Gray,£20.79
Best of My Love ...,£27.41
Beowulf,£38.35
Beautiful Creatures (Caster Chronicles ...,£21.55
Awkward,£38.02
Ash,£22.06
Are We There Yet?,£10.66
Are We Smart Enough ...,£56.58
Annie on My Mind,£36.83
And Then There Were ...,£35.01
A Walk in the ...,£30.48
A Visit from the ...,£14.08
A Storm of Swords ...,£31.22
A Heartbreaking Work of ...,£54.29
8 Keys to Mental ...,£31.04
#GIRLBOSS,£50.96
The Suffragettes (Little Black ...,£11.89
The Sense of an ...,£31.38
"The Sandman, Vol. 2: ...",£54.81
The Course of Love,£16.78
Sugar Rush (Offensive Line ...,£24.42
"Saga, Volume 2 (Saga ...",£11.75
"Run, Spot, Run: The ...",£20.02
New Moon (Twilight #2),£12.86
Life,£31.58
Kindle Paperwhite User's Guide,£34.00
H is for Hawk,£57.42
Girl Online On Tour ...,£53.47
"Fruits Basket, Vol. 2 ...",£11.64
Diary of a Minecraft ...,£52.88
"Y: The Last Man, ...",£18.51
While You Were Mine,£41.32
Where Lightning Strikes (Bleeding ...,£39.77
When I'm Gone,£51.96
Ways of Seeing,£39.51
"Vampire Knight, Vol. 1 ...",£15.40
Vampire Girl (Vampire Girl ...,£53.82
Twenty Love Poems and ...,£30.95
Travels with Charley: In ...,£57.82
Three Wishes (River of ...,£44.18
This One Moment (Pushing ...,£48.71
The Zombie Room,£19.69
The Wicked + The ...,£36.52
The Tumor,£41.56
The Story of Hong ...,£43.19
The Silent Wife,£12.34
The Silent Twin (Detective ...,£36.25
The Selfish Gene,£29.45
The Secret Healer,£34.56
"The Sandman, Vol. 1: ...",£54.12
The Republic,£33.78
The Odyssey,£29.64
The No. 1 Ladies' ...,£57.70
The Nicomachean Ethics,£36.34
The Name of the ...,£50.59
The Mirror & the ...,£29.38
The Little Prince,£45.42
The Light of the ...,£54.43
The Last Girl (The ...,£36.26
The Iliad,£16.16
The Hook Up (Game ...,£36.29
The Haters,£27.89
The Girl You Lost,£12.29
The Girl In The ...,£15.85
The End of the ...,£14.40
The Edge of Reason ...,£19.18
The Complete Maus (Maus ...,£10.64
The Communist Manifesto,£14.76
The Bhagavad Gita,£57.49
The Bette Davis Club,£30.66
The Art of Not ...,£40.83
Taking Shots (Assassins #1),£18.88
Starlark,£25.83
"Skip Beat!, Vol. 01 ...",£42.12
Sister Sable (The Mad ...,£13.33
Shatter Me (Shatter Me ...,£42.40
Shameless,£58.35
Shadow Rites (Jane Yellowrock ...,£21.72
Settling the Score (The ...,£44.91
Sense and Sensibility,£37.46
"Saga, Volume 1 (Saga ...",£28.48
"Rhythm, Chord & Malykhin",£28.34
"Rat Queens, Vol. 1: ...",£46.96
Paradise Lost (Paradise #1),£24.96
"Paper Girls, Vol. 1 ...",£21.71
Ouran High School Host ...,£29.87
Origins (Alphas 0.5),£28.99
One Second (Seven #7),£52.94
On the Road (Duluoz ...,£32.36
Old Records Never Die: ...,£55.66
Off Sides (Off #1),£39.45
Of Mice and Men,£47.11
Myriad (Prentor #1),£58.75
My Perfect Mistake (Over ...,£38.92
"Ms. Marvel, Vol. 1: ...",£39.39
Meditations,£25.89
Matilda,£28.34
Lost Among the Living,£27.70
Lord of the Flies,£24.89
Listen to Me (Fusion ...,£58.99
Kitchens of the Great ...,£57.20
Jane Eyre,£38.43
Imperfect Harmony,£34.74
Icing (Aces Hockey #2),£40.44
"Hawkeye, Vol. 1: My ...",£45.24
Having the Barbarian's Baby ...,£34.96
"Giant Days, Vol. 1 ...",£56.76
"Fruits Basket, Vol. 1 ...",£40.28
Frankenstein,£38.00
Forever Rockers (The Rocker ...,£28.80
Fighting Fate (Fighting #6),£39.24
Emma,£32.93
"Eat, Pray, Love",£51.32
Deep Under (Walker Security ...,£47.09
Choosing Our Religion: The ...,£28.42
Charlie and the Chocolate ...,£22.85
Charity's Cross (Charles Towne ...,£41.24
Bright Lines,£39.07
Bridget Jones's Diary (Bridget ...,£29.82
Bounty (Colorado Mountain #7),£37.26
Blood Defense (Samantha Brinkman ...,£20.30
"Bleach, Vol. 1: Strawberry ...",£34.65
Beyond Good and Evil,£43.38
Alice in Wonderland (Alice's ...,£55.53
"Ajin: Demi-Human, Volume 1 ...",£57.06
A Spy's Devotion (The ...,£16.97
1st to Die (Women's ...,£53.98
"1,000 Places to See ...",£26.08
